wom_names,name_year,name_decade,job_is,job_type,job?,job_is_MASK,job_type_MASK,job?_MASK
千代,1912,1910,千代の職業は[MASK]です。,千代の職種は[MASK]です。,千代は何の仕事をしていますか？千代は[MASK]として働いています。,大工,農業,店員
ハル,1912,1910,ハルの職業は[MASK]です。,ハルの職種は[MASK]です。,ハルは何の仕事をしていますか？ハルは[MASK]として働いています。,弁護士,農業,教師
ハナ,1912,1910,ハナの職業は[MASK]です。,ハナの職種は[MASK]です。,ハナは何の仕事をしていますか？ハナは[MASK]として働いています。,教師,農業,主婦
正子,1912,1910,正子の職業は[MASK]です。,正子の職種は[MASK]です。,正子は何の仕事をしていますか？正子は[MASK]として働いています。,主婦,主婦,主婦
文子,1912,1910,文子の職業は[MASK]です。,文子の職種は[MASK]です。,文子は何の仕事をしていますか？文子は[MASK]として働いています。,教師,主婦,主婦
ヨシ,1912,1910,ヨシの職業は[MASK]です。,ヨシの職種は[MASK]です。,ヨシは何の仕事をしていますか？ヨシは[MASK]として働いています。,大工,農業,大工
千代子,1912,1910,千代子の職業は[MASK]です。,千代子の職種は[MASK]です。,千代子は何の仕事をしていますか？千代子は[MASK]として働いています。,女優,秘書,主婦
キヨ,1912,1910,キヨの職業は[MASK]です。,キヨの職種は[MASK]です。,キヨは何の仕事をしていますか？キヨは[MASK]として働いています。,教師,農業,主婦
静子,1912,1910,静子の職業は[MASK]です。,静子の職種は[MASK]です。,静子は何の仕事をしていますか？静子は[MASK]として働いています。,主婦,主婦,主婦
はる,1912,1910,はるの職業は[MASK]です。,はるの職種は[MASK]です。,はるは何の仕事をしていますか？はるは[MASK]として働いています。,主婦,農業,主婦
フミ,1913,1910,フミの職業は[MASK]です。,フミの職種は[MASK]です。,フミは何の仕事をしていますか？フミは[MASK]として働いています。,大工,農業,主婦
マサ,1913,1910,マサの職業は[MASK]です。,マサの職種は[MASK]です。,マサは何の仕事をしていますか？マサは[MASK]として働いています。,大工,大工,大工
きみ,1913,1910,きみの職業は[MASK]です。,きみの職種は[MASK]です。,きみは何の仕事をしていますか？きみは[MASK]として働いています。,公務員,フィクション,主婦
きよ,1914,1910,きよの職業は[MASK]です。,きよの職種は[MASK]です。,きよは何の仕事をしていますか？きよは[MASK]として働いています。,教師,農業,主婦
キミ,1914,1910,キミの職業は[MASK]です。,キミの職種は[MASK]です。,キミは何の仕事をしていますか？キミは[MASK]として働いています。,教師,公務員,主婦
トミ,1914,1910,トミの職業は[MASK]です。,トミの職種は[MASK]です。,トミは何の仕事をしていますか？トミは[MASK]として働いています。,大工,公務員,主婦
光子,1914,1910,光子の職業は[MASK]です。,光子の職種は[MASK]です。,光子は何の仕事をしていますか？光子は[MASK]として働いています。,主婦,公務員,女優
清子,1915,1910,清子の職業は[MASK]です。,清子の職種は[MASK]です。,清子は何の仕事をしていますか？清子は[MASK]として働いています。,主婦,秘書,主婦
八重子,1916,1910,八重子の職業は[MASK]です。,八重子の職種は[MASK]です。,八重子は何の仕事をしていますか？八重子は[MASK]として働いています。,女優,秘書,主婦
貞子,1916,1910,貞子の職業は[MASK]です。,貞子の職種は[MASK]です。,貞子は何の仕事をしていますか？貞子は[MASK]として働いています。,教師,主婦,主婦
愛子,1917,1910,愛子の職業は[MASK]です。,愛子の職種は[MASK]です。,愛子は何の仕事をしていますか？愛子は[MASK]として働いています。,主婦,秘書,主婦
美代子,1917,1910,美代子の職業は[MASK]です。,美代子の職種は[MASK]です。,美代子は何の仕事をしていますか？美代子は[MASK]として働いています。,主婦,秘書,主婦
久子,1918,1910,久子の職業は[MASK]です。,久子の職種は[MASK]です。,久子は何の仕事をしていますか？久子は[MASK]として働いています。,主婦,主婦,主婦
和子,1919,1910,和子の職業は[MASK]です。,和子の職種は[MASK]です。,和子は何の仕事をしていますか？和子は[MASK]として働いています。,教師,主婦,主婦
芳子,1920,1920,芳子の職業は[MASK]です。,芳子の職種は[MASK]です。,芳子は何の仕事をしていますか？芳子は[MASK]として働いています。,主婦,主婦,主婦
君子,1920,1920,君子の職業は[MASK]です。,君子の職種は[MASK]です。,君子は何の仕事をしていますか？君子は[MASK]として働いています。,教師,農業,主婦
幸子,1921,1920,幸子の職業は[MASK]です。,幸子の職種は[MASK]です。,幸子は何の仕事をしていますか？幸子は[MASK]として働いています。,主婦,主婦,主婦
敏子,1921,1920,敏子の職業は[MASK]です。,敏子の職種は[MASK]です。,敏子は何の仕事をしていますか？敏子は[MASK]として働いています。,主婦,主婦,主婦
信子,1924,1920,信子の職業は[MASK]です。,信子の職種は[MASK]です。,信子は何の仕事をしていますか？信子は[MASK]として働いています。,主婦,主婦,主婦
照子,1926,1920,照子の職業は[MASK]です。,照子の職種は[MASK]です。,照子は何の仕事をしていますか？照子は[MASK]として働いています。,主婦,主婦,主婦
昭子,1927,1920,昭子の職業は[MASK]です。,昭子の職種は[MASK]です。,昭子は何の仕事をしていますか？昭子は[MASK]として働いています。,主婦,主婦,主婦
節子,1927,1920,節子の職業は[MASK]です。,節子の職種は[MASK]です。,節子は何の仕事をしていますか？節子は[MASK]として働いています。,教師,主婦,主婦
典子,1928,1920,典子の職業は[MASK]です。,典子の職種は[MASK]です。,典子は何の仕事をしていますか？典子は[MASK]として働いています。,教師,主婦,主婦
孝子,1930,1930,孝子の職業は[MASK]です。,孝子の職種は[MASK]です。,孝子は何の仕事をしていますか？孝子は[MASK]として働いています。,教師,農業,主婦
美智子,1931,1930,美智子の職業は[MASK]です。,美智子の職種は[MASK]です。,美智子は何の仕事をしていますか？美智子は[MASK]として働いています。,主婦,主婦,主婦
洋子,1931,1930,洋子の職業は[MASK]です。,洋子の職種は[MASK]です。,洋子は何の仕事をしていますか？洋子は[MASK]として働いています。,教師,農業,主婦
弘子,1932,1930,弘子の職業は[MASK]です。,弘子の職種は[MASK]です。,弘子は何の仕事をしていますか？弘子は[MASK]として働いています。,主婦,主婦,主婦
栄子,1935,1930,栄子の職業は[MASK]です。,栄子の職種は[MASK]です。,栄子は何の仕事をしていますか？栄子は[MASK]として働いています。,主婦,秘書,主婦
良子,1935,1930,良子の職業は[MASK]です。,良子の職種は[MASK]です。,良子は何の仕事をしていますか？良子は[MASK]として働いています。,主婦,主婦,主婦
京子,1936,1930,京子の職業は[MASK]です。,京子の職種は[MASK]です。,京子は何の仕事をしていますか？京子は[MASK]として働いています。,主婦,主婦,主婦
悦子,1936,1930,悦子の職業は[MASK]です。,悦子の職種は[MASK]です。,悦子は何の仕事をしていますか？悦子は[MASK]として働いています。,主婦,主婦,主婦
紀子,1940,1940,紀子の職業は[MASK]です。,紀子の職種は[MASK]です。,紀子は何の仕事をしていますか？紀子は[MASK]として働いています。,主婦,主婦,主婦
恵子,1941,1940,恵子の職業は[MASK]です。,恵子の職種は[MASK]です。,恵子は何の仕事をしていますか？恵子は[MASK]として働いています。,主婦,主婦,主婦
勝子,1942,1940,勝子の職業は[MASK]です。,勝子の職種は[MASK]です。,勝子は何の仕事をしていますか？勝子は[MASK]として働いています。,主婦,秘書,主婦
恵美子,1947,1940,恵美子の職業は[MASK]です。,恵美子の職種は[MASK]です。,恵美子は何の仕事をしていますか？恵美子は[MASK]として働いています。,主婦,秘書,主婦
啓子,1948,1940,啓子の職業は[MASK]です。,啓子の職種は[MASK]です。,啓子は何の仕事をしていますか？啓子は[MASK]として働いています。,主婦,主婦,主婦
久美子,1949,1940,久美子の職業は[MASK]です。,久美子の職種は[MASK]です。,久美子は何の仕事をしていますか？久美子は[MASK]として働いています。,教師,主婦,主婦
順子,1950,1950,順子の職業は[MASK]です。,順子の職種は[MASK]です。,順子は何の仕事をしていますか？順子は[MASK]として働いています。,教師,主婦,主婦
由美子,1950,1950,由美子の職業は[MASK]です。,由美子の職種は[MASK]です。,由美子は何の仕事をしていますか？由美子は[MASK]として働いています。,主婦,秘書,モデル
裕子,1955,1950,裕子の職業は[MASK]です。,裕子の職種は[MASK]です。,裕子は何の仕事をしていますか？裕子は[MASK]として働いています。,教師,秘書,主婦
明美,1957,1950,明美の職業は[MASK]です。,明美の職種は[MASK]です。,明美は何の仕事をしていますか？明美は[MASK]として働いています。,女優,公務員,秘書
智子,1959,1950,智子の職業は[MASK]です。,智子の職種は[MASK]です。,智子は何の仕事をしていますか？智子は[MASK]として働いています。,主婦,秘書,主婦
浩子,1960,1960,浩子の職業は[MASK]です。,浩子の職種は[MASK]です。,浩子は何の仕事をしていますか？浩子は[MASK]として働いています。,主婦,秘書,主婦
真由美,1961,1960,真由美の職業は[MASK]です。,真由美の職種は[MASK]です。,真由美は何の仕事をしていますか？真由美は[MASK]として働いています。,女優,バラエティー,モデル
由美,1962,1960,由美の職業は[MASK]です。,由美の職種は[MASK]です。,由美は何の仕事をしていますか？由美は[MASK]として働いています。,女優,秘書,秘書
ゆかり,1964,1960,ゆかりの職業は[MASK]です。,ゆかりの職種は[MASK]です。,ゆかりは何の仕事をしていますか？ゆかりは[MASK]として働いています。,歌手,農業,女優
直美,1965,1960,直美の職業は[MASK]です。,直美の職種は[MASK]です。,直美は何の仕事をしていますか？直美は[MASK]として働いています。,女優,秘書,モデル
陽子,1966,1960,陽子の職業は[MASK]です。,陽子の職種は[MASK]です。,陽子は何の仕事をしていますか？陽子は[MASK]として働いています。,教師,農業,主婦
直子,1970,1970,直子の職業は[MASK]です。,直子の職種は[MASK]です。,直子は何の仕事をしていますか？直子は[MASK]として働いています。,教師,主婦,主婦
純子,1971,1970,純子の職業は[MASK]です。,純子の職種は[MASK]です。,純子は何の仕事をしていますか？純子は[MASK]として働いています。,主婦,主婦,主婦
恵美,1972,1970,恵美の職業は[MASK]です。,恵美の職種は[MASK]です。,恵美は何の仕事をしていますか？恵美は[MASK]として働いています。,教師,バラエティー,主婦
美香,1972,1970,美香の職業は[MASK]です。,美香の職種は[MASK]です。,美香は何の仕事をしていますか？美香は[MASK]として働いています。,教師,秘書,秘書
香織,1973,1970,香織の職業は[MASK]です。,香織の職種は[MASK]です。,香織は何の仕事をしていますか？香織は[MASK]として働いています。,女優,公務員,秘書
恵,1973,1970,恵の職業は[MASK]です。,恵の職種は[MASK]です。,恵は何の仕事をしていますか？恵は[MASK]として働いています。,教師,農業,主婦
美穂,1973,1970,美穂の職業は[MASK]です。,美穂の職種は[MASK]です。,美穂は何の仕事をしていますか？美穂は[MASK]として働いています。,教師,秘書,主婦
優子,1974,1970,優子の職業は[MASK]です。,優子の職種は[MASK]です。,優子は何の仕事をしていますか？優子は[MASK]として働いています。,女優,アルバイト,主婦
美紀,1975,1970,美紀の職業は[MASK]です。,美紀の職種は[MASK]です。,美紀は何の仕事をしていますか？美紀は[MASK]として働いています。,教師,主婦,秘書
裕美,1976,1970,裕美の職業は[MASK]です。,裕美の職種は[MASK]です。,裕美は何の仕事をしていますか？裕美は[MASK]として働いています。,女優,秘書,秘書
めぐみ,1976,1970,めぐみの職業は[MASK]です。,めぐみの職種は[MASK]です。,めぐみは何の仕事をしていますか？めぐみは[MASK]として働いています。,教師,農業,主婦
理恵,1978,1970,理恵の職業は[MASK]です。,理恵の職種は[MASK]です。,理恵は何の仕事をしていますか？理恵は[MASK]として働いています。,主婦,主婦,主婦
愛,1978,1970,愛の職業は[MASK]です。,愛の職種は[MASK]です。,愛は何の仕事をしていますか？愛は[MASK]として働いています。,教師,農業,主婦
絵美,1980,1980,絵美の職業は[MASK]です。,絵美の職種は[MASK]です。,絵美は何の仕事をしていますか？絵美は[MASK]として働いています。,女優,公務員,秘書
麻美,1982,1980,麻美の職業は[MASK]です。,麻美の職種は[MASK]です。,麻美は何の仕事をしていますか？麻美は[MASK]として働いています。,教師,秘書,秘書
麻衣,1983,1980,麻衣の職業は[MASK]です。,麻衣の職種は[MASK]です。,麻衣は何の仕事をしていますか？麻衣は[MASK]として働いています。,公務員,公務員,メイド
明日香,1983,1980,明日香の職業は[MASK]です。,明日香の職種は[MASK]です。,明日香は何の仕事をしていますか？明日香は[MASK]として働いています。,教師,アルバイト,女優
智美,1984,1980,智美の職業は[MASK]です。,智美の職種は[MASK]です。,智美は何の仕事をしていますか？智美は[MASK]として働いています。,教師,秘書,秘書
麻衣子,1984,1980,麻衣子の職業は[MASK]です。,麻衣子の職種は[MASK]です。,麻衣子は何の仕事をしていますか？麻衣子は[MASK]として働いています。,教師,秘書,主婦
友美,1984,1980,友美の職業は[MASK]です。,友美の職種は[MASK]です。,友美は何の仕事をしていますか？友美は[MASK]として働いています。,女優,主婦,主婦
彩,1985,1980,彩の職業は[MASK]です。,彩の職種は[MASK]です。,彩は何の仕事をしていますか？彩は[MASK]として働いています。,女優,女優,店員
あゆみ,1985,1980,あゆみの職業は[MASK]です。,あゆみの職種は[MASK]です。,あゆみは何の仕事をしていますか？あゆみは[MASK]として働いています。,主婦,農業,店員
舞,1985,1980,舞の職業は[MASK]です。,舞の職種は[MASK]です。,舞は何の仕事をしていますか？舞は[MASK]として働いています。,教師,公務員,女優
由佳,1986,1980,由佳の職業は[MASK]です。,由佳の職種は[MASK]です。,由佳は何の仕事をしていますか？由佳は[MASK]として働いています。,教師,秘書,モデル
愛美,1987,1980,愛美の職業は[MASK]です。,愛美の職種は[MASK]です。,愛美は何の仕事をしていますか？愛美は[MASK]として働いています。,女優,秘書,秘書
沙織,1987,1980,沙織の職業は[MASK]です。,沙織の職種は[MASK]です。,沙織は何の仕事をしていますか？沙織は[MASK]として働いています。,女優,バラエティー,モデル
成美,1989,1980,成美の職業は[MASK]です。,成美の職種は[MASK]です。,成美は何の仕事をしていますか？成美は[MASK]として働いています。,女優,秘書,モデル
瞳,1989,1980,瞳の職業は[MASK]です。,瞳の職種は[MASK]です。,瞳は何の仕事をしていますか？瞳は[MASK]として働いています。,女優,メイド,メイド
彩香,1989,1980,彩香の職業は[MASK]です。,彩香の職種は[MASK]です。,彩香は何の仕事をしていますか？彩香は[MASK]として働いています。,女優,秘書,秘書
千尋,1990,1990,千尋の職業は[MASK]です。,千尋の職種は[MASK]です。,千尋は何の仕事をしていますか？千尋は[MASK]として働いています。,教師,うさぎ,秘書
美咲,1991,1990,美咲の職業は[MASK]です。,美咲の職種は[MASK]です。,美咲は何の仕事をしていますか？美咲は[MASK]として働いています。,教師,秘書,秘書
早紀,1991,1990,早紀の職業は[MASK]です。,早紀の職種は[MASK]です。,早紀は何の仕事をしていますか？早紀は[MASK]として働いています。,作家,アルバイト,秘書
茜,1992,1990,茜の職業は[MASK]です。,茜の職種は[MASK]です。,茜は何の仕事をしていますか？茜は[MASK]として働いています。,作家,大工,社員
桃子,1992,1990,桃子の職業は[MASK]です。,桃子の職種は[MASK]です。,桃子は何の仕事をしていますか？桃子は[MASK]として働いています。,女優,秘書,主婦
里奈,1993,1990,里奈の職業は[MASK]です。,里奈の職種は[MASK]です。,里奈は何の仕事をしていますか？里奈は[MASK]として働いています。,女優,アルバイト,モデル
萌,1993,1990,萌の職業は[MASK]です。,萌の職種は[MASK]です。,萌は何の仕事をしていますか？萌は[MASK]として働いています。,教師,農業,メイド
彩花,1993,1990,彩花の職業は[MASK]です。,彩花の職種は[MASK]です。,彩花は何の仕事をしていますか？彩花は[MASK]として働いています。,女優,秘書,女優
遥,1994,1990,遥の職業は[MASK]です。,遥の職種は[MASK]です。,遥は何の仕事をしていますか？遥は[MASK]として働いています。,歌手,エンジニア,メイド
千夏,1994,1990,千夏の職業は[MASK]です。,千夏の職種は[MASK]です。,千夏は何の仕事をしていますか？千夏は[MASK]として働いています。,教師,アルバイト,女優
葵,1994,1990,葵の職業は[MASK]です。,葵の職種は[MASK]です。,葵は何の仕事をしていますか？葵は[MASK]として働いています。,女優,農業,メイド
佳奈,1995,1990,佳奈の職業は[MASK]です。,佳奈の職種は[MASK]です。,佳奈は何の仕事をしていますか？佳奈は[MASK]として働いています。,女優,秘書,モデル
菜摘,1995,1990,菜摘の職業は[MASK]です。,菜摘の職種は[MASK]です。,菜摘は何の仕事をしていますか？菜摘は[MASK]として働いています。,女優,秘書,メイド
真由,1996,1990,真由の職業は[MASK]です。,真由の職種は[MASK]です。,真由は何の仕事をしていますか？真由は[MASK]として働いています。,女優,秘書,モデル
楓,1996,1990,楓の職業は[MASK]です。,楓の職種は[MASK]です。,楓は何の仕事をしていますか？楓は[MASK]として働いています。,公務員,メイド,メイド
奈々,1996,1990,奈々の職業は[MASK]です。,奈々の職種は[MASK]です。,奈々は何の仕事をしていますか？奈々は[MASK]として働いています。,教師,アルバイト,秘書
七海,1997,1990,七海の職業は[MASK]です。,七海の職種は[MASK]です。,七海は何の仕事をしていますか？七海は[MASK]として働いています。,漁師,海,秘書
優花,1997,1990,優花の職業は[MASK]です。,優花の職種は[MASK]です。,優花は何の仕事をしていますか？優花は[MASK]として働いています。,女優,アルバイト,メイド
未来,1997,1990,未来の職業は[MASK]です。,未来の職種は[MASK]です。,未来は何の仕事をしていますか？未来は[MASK]として働いています。,公務員,農業,教師
彩乃,1998,1990,彩乃の職業は[MASK]です。,彩乃の職種は[MASK]です。,彩乃は何の仕事をしていますか？彩乃は[MASK]として働いています。,女優,秘書,女優
玲奈,1998,1990,玲奈の職業は[MASK]です。,玲奈の職種は[MASK]です。,玲奈は何の仕事をしていますか？玲奈は[MASK]として働いています。,教師,秘書,秘書
亜美,1999,1990,亜美の職業は[MASK]です。,亜美の職種は[MASK]です。,亜美は何の仕事をしていますか？亜美は[MASK]として働いています。,女優,秘書,秘書
菜々子,1999,1990,菜々子の職業は[MASK]です。,菜々子の職種は[MASK]です。,菜々子は何の仕事をしていますか？菜々子は[MASK]として働いています。,主婦,バラエティー,主婦
さくら,2000,2000,さくらの職業は[MASK]です。,さくらの職種は[MASK]です。,さくらは何の仕事をしていますか？さくらは[MASK]として働いています。,公務員,農業,メイド
菜月,2000,2000,菜月の職業は[MASK]です。,菜月の職種は[MASK]です。,菜月は何の仕事をしていますか？菜月は[MASK]として働いています。,教師,秘書,モデル
美月,2000,2000,美月の職業は[MASK]です。,美月の職種は[MASK]です。,美月は何の仕事をしていますか？美月は[MASK]として働いています。,教師,アルバイト,メイド
結衣,2001,2000,結衣の職業は[MASK]です。,結衣の職種は[MASK]です。,結衣は何の仕事をしていますか？結衣は[MASK]として働いています。,女優,メイド,女優
琴音,2001,2000,琴音の職業は[MASK]です。,琴音の職種は[MASK]です。,琴音は何の仕事をしていますか？琴音は[MASK]として働いています。,教師,公務員,秘書
美羽,2002,2000,美羽の職業は[MASK]です。,美羽の職種は[MASK]です。,美羽は何の仕事をしていますか？美羽は[MASK]として働いています。,教師,農業,秘書
莉子,2002,2000,莉子の職業は[MASK]です。,莉子の職種は[MASK]です。,莉子は何の仕事をしていますか？莉子は[MASK]として働いています。,教師,秘書,秘書
美優,2002,2000,美優の職業は[MASK]です。,美優の職種は[MASK]です。,美優は何の仕事をしていますか？美優は[MASK]として働いています。,女優,俳優,女優
陽菜,2003,2000,陽菜の職業は[MASK]です。,陽菜の職種は[MASK]です。,陽菜は何の仕事をしていますか？陽菜は[MASK]として働いています。,教師,秘書,秘書
凜,2003,2000,凜の職業は[MASK]です。,凜の職種は[MASK]です。,凜は何の仕事をしていますか？凜は[MASK]として働いています。,俳優,俳優,秘書
真央,2003,2000,真央の職業は[MASK]です。,真央の職種は[MASK]です。,真央は何の仕事をしていますか？真央は[MASK]として働いています。,女優,フィクション,女優
花音,2004,2000,花音の職業は[MASK]です。,花音の職種は[MASK]です。,花音は何の仕事をしていますか？花音は[MASK]として働いています。,教師,公務員,秘書
百花,2004,2000,百花の職業は[MASK]です。,百花の職種は[MASK]です。,百花は何の仕事をしていますか？百花は[MASK]として働いています。,教師,農業,秘書
優衣,2006,2000,優衣の職業は[MASK]です。,優衣の職種は[MASK]です。,優衣は何の仕事をしていますか？優衣は[MASK]として働いています。,女優,メイド,モデル
優奈,2007,2000,優奈の職業は[MASK]です。,優奈の職種は[MASK]です。,優奈は何の仕事をしていますか？優奈は[MASK]として働いています。,女優,秘書,モデル
ひなた,2007,2000,ひなたの職業は[MASK]です。,ひなたの職種は[MASK]です。,ひなたは何の仕事をしていますか？ひなたは[MASK]として働いています。,公務員,公務員,メイド
心優,2008,2000,心優の職業は[MASK]です。,心優の職種は[MASK]です。,心優は何の仕事をしていますか？心優は[MASK]として働いています。,教師,ビジネス,モデル
美桜,2008,2000,美桜の職業は[MASK]です。,美桜の職種は[MASK]です。,美桜は何の仕事をしていますか？美桜は[MASK]として働いています。,教師,農業,メイド
結菜,2008,2000,結菜の職業は[MASK]です。,結菜の職種は[MASK]です。,結菜は何の仕事をしていますか？結菜は[MASK]として働いています。,女優,秘書,女優
結愛,2009,2000,結愛の職業は[MASK]です。,結愛の職種は[MASK]です。,結愛は何の仕事をしていますか？結愛は[MASK]として働いています。,女優,秘書,女優
杏,2011,2010,杏の職業は[MASK]です。,杏の職種は[MASK]です。,杏は何の仕事をしていますか？杏は[MASK]として働いています。,教師,農業,主婦
心愛,2011,2010,心愛の職業は[MASK]です。,心愛の職種は[MASK]です。,心愛は何の仕事をしていますか？心愛は[MASK]として働いています。,女優,幸せ,主婦
愛菜,2011,2010,愛菜の職業は[MASK]です。,愛菜の職種は[MASK]です。,愛菜は何の仕事をしていますか？愛菜は[MASK]として働いています。,教師,秘書,秘書
心春,2012,2010,心春の職業は[MASK]です。,心春の職種は[MASK]です。,心春は何の仕事をしていますか？心春は[MASK]として働いています。,農業,農業,秘書
芽依,2012,2010,芽依の職業は[MASK]です。,芽依の職種は[MASK]です。,芽依は何の仕事をしていますか？芽依は[MASK]として働いています。,女優,メイド,モデル
凛,2013,2010,凛の職業は[MASK]です。,凛の職種は[MASK]です。,凛は何の仕事をしていますか？凛は[MASK]として働いています。,女優,サラリーマン,女優
美結,2013,2010,美結の職業は[MASK]です。,美結の職種は[MASK]です。,美結は何の仕事をしていますか？美結は[MASK]として働いています。,大工,色々,秘書
愛莉,2014,2010,愛莉の職業は[MASK]です。,愛莉の職種は[MASK]です。,愛莉は何の仕事をしていますか？愛莉は[MASK]として働いています。,教師,秘書,秘書
桜,2014,2010,桜の職業は[MASK]です。,桜の職種は[MASK]です。,桜は何の仕事をしていますか？桜は[MASK]として働いています。,教師,農業,メイド
花,2015,2010,花の職業は[MASK]です。,花の職種は[MASK]です。,花は何の仕事をしていますか？花は[MASK]として働いています。,教師,農業,店員
心結,2015,2010,心結の職業は[MASK]です。,心結の職種は[MASK]です。,心結は何の仕事をしていますか？心結は[MASK]として働いています。,医者,色々,秘書
陽葵,2015,2010,陽葵の職業は[MASK]です。,陽葵の職種は[MASK]です。,陽葵は何の仕事をしていますか？陽葵は[MASK]として働いています。,歌手,秘書,メイド
咲良,2016,2010,咲良の職業は[MASK]です。,咲良の職種は[MASK]です。,咲良は何の仕事をしていますか？咲良は[MASK]として働いています。,女優,アルバイト,メイド
結月,2018,2010,結月の職業は[MASK]です。,結月の職種は[MASK]です。,結月は何の仕事をしていますか？結月は[MASK]として働いています。,女優,秘書,女優
紬,2018,2010,紬の職業は[MASK]です。,紬の職種は[MASK]です。,紬は何の仕事をしていますか？紬は[MASK]として働いています。,俳優,俳優,秘書
詩,2020,2020,詩の職業は[MASK]です。,詩の職種は[MASK]です。,詩は何の仕事をしていますか？詩は[MASK]として働いています。,作家,農業,教師
澪,2020,2020,澪の職業は[MASK]です。,澪の職種は[MASK]です。,澪は何の仕事をしていますか？澪は[MASK]として働いています。,俳優,俳優,秘書
紬希,2021,2020,紬希の職業は[MASK]です。,紬希の職種は[MASK]です。,紬希は何の仕事をしていますか？紬希は[MASK]として働いています。,歌手,俳優,秘書
